日期,颜色代码,花粉等级,城市ID,等级描述,城市代码,城市
2025-03-23,#FF2319,很高,101010100,极易引发过敏，减少外出，持续规范用药。,beijing,北京
2025-03-22,#FF2319,很高,101010100,极易引发过敏，减少外出，持续规范用药。,beijing,北京
2025-03-21,#FF2319,很高,101010100,极易引发过敏，减少外出，持续规范用药。,beijing,北京
2025-03-20,#FF2319,很高,101010100,极易引发过敏，减少外出，持续规范用药。,beijing,北京
2025-03-19,#FF2319,很高,101010100,极易引发过敏，减少外出，持续规范用药。,beijing,北京
2025-03-18,#FFAF13,高,101010100,易引发过敏，加强防护，规范用药。,beijing,北京
2025-03-17,#FFAF13,高,101010100,易引发过敏，加强防护，规范用药。,beijing,北京
2025-03-16,#FF2319,很高,101010100,极易引发过敏，减少外出，持续规范用药。,beijing,北京
2025-03-23,#F5EE32,中,101170101,易引发过敏，加强防护，对症用药。,yinchuan,银川
2025-03-22,#FFAF13,高,101170101,易引发过敏，加强防护，规范用药。,yinchuan,银川
2025-03-21,#FFAF13,高,101170101,易引发过敏，加强防护，规范用药。,yinchuan,银川
2025-03-20,#81CB31,很低,101170101,不易引发过敏反应。,yinchuan,银川
2025-03-19,#81CB31,很低,101170101,不易引发过敏反应。,yinchuan,银川
2025-03-18,#81CB31,很低,101170101,不易引发过敏反应。,yinchuan,银川
2025-03-17,#81CB31,很低,101170101,不易引发过敏反应。,yinchuan,银川
2025-03-16,#81CB31,很低,101170101,不易引发过敏反应。,yinchuan,银川
2025-03-23,#A1FF3D,低,101160101,易引发轻度过敏，适当防护对症用药。,lanzhou,兰州
2025-03-22,#F5EE32,中,101160101,易引发过敏，加强防护，对症用药。,lanzhou,兰州
2025-03-21,#F5EE32,中,101160101,易引发过敏，加强防护，对症用药。,lanzhou,兰州
2025-03-20,#A1FF3D,低,101160101,易引发轻度过敏，适当防护对症用药。,lanzhou,兰州
2025-03-19,#FF2319,很高,101160101,极易引发过敏，减少外出，持续规范用药。,lanzhou,兰州
2025-03-18,#A1FF3D,低,101160101,易引发轻度过敏，适当防护对症用药。,lanzhou,兰州
2025-03-17,#A1FF3D,低,101160101,易引发轻度过敏，适当防护对症用药。,lanzhou,兰州
2025-03-16,#81CB31,很低,101160101,不易引发过敏反应。,lanzhou,兰州
2025-03-23,#81CB31,很低,101060101,不易引发过敏反应。,changchun,长春
2025-03-22,#81CB31,很低,101060101,不易引发过敏反应。,changchun,长春
2025-03-21,#81CB31,很低,101060101,不易引发过敏反应。,changchun,长春
2025-03-20,#81CB31,很低,101060101,不易引发过敏反应。,changchun,长春
2025-03-19,#81CB31,很低,101060101,不易引发过敏反应。,changchun,长春
2025-03-18,#81CB31,很低,101060101,不易引发过敏反应。,changchun,长春
2025-03-17,#999999,未检测到花粉,101060101,,changchun,长春
2025-03-16,#81CB31,很低,101060101,不易引发过敏反应。,changchun,长春
2025-03-23,#81CB31,很低,101110101,不易引发过敏反应。,xian,西安
2025-03-22,#F5EE32,中,101110101,易引发过敏，加强防护，对症用药。,xian,西安
2025-03-21,#F5EE32,中,101110101,易引发过敏，加强防护，对症用药。,xian,西安
2025-03-20,#81CB31,很低,101110101,不易引发过敏反应。,xian,西安
2025-03-19,#81CB31,很低,101110101,不易引发过敏反应。,xian,西安
2025-03-18,#81CB31,很低,101110101,不易引发过敏反应。,xian,西安
2025-03-17,#F5EE32,中,101110101,易引发过敏，加强防护，对症用药。,xian,西安
2025-03-16,#81CB31,很低,101110101,不易引发过敏反应。,xian,西安
2025-03-23,#81CB31,很低,101100101,不易引发过敏反应。,taiyuan,太原
2025-03-22,#FF2319,很高,101100101,极易引发过敏，减少外出，持续规范用药。,taiyuan,太原
2025-03-21,#FF2319,很高,101100101,极易引发过敏，减少外出，持续规范用药。,taiyuan,太原
2025-03-20,#FF2319,很高,101100101,极易引发过敏，减少外出，持续规范用药。,taiyuan,太原
2025-03-19,#F5EE32,中,101100101,易引发过敏，加强防护，对症用药。,taiyuan,太原
2025-03-18,#A1FF3D,低,101100101,易引发轻度过敏，适当防护对症用药。,taiyuan,太原
2025-03-17,#A1FF3D,低,101100101,易引发轻度过敏，适当防护对症用药。,taiyuan,太原
2025-03-16,#81CB31,很低,101100101,不易引发过敏反应。,taiyuan,太原
2025-03-23,#81CB31,很低,101070101,不易引发过敏反应。,shenyang,沈阳
2025-03-22,#81CB31,很低,101070101,不易引发过敏反应。,shenyang,沈阳
2025-03-21,#81CB31,很低,101070101,不易引发过敏反应。,shenyang,沈阳
2025-03-20,#81CB31,很低,101070101,不易引发过敏反应。,shenyang,沈阳
2025-03-19,#81CB31,很低,101070101,不易引发过敏反应。,shenyang,沈阳
2025-03-18,#81CB31,很低,101070101,不易引发过敏反应。,shenyang,沈阳
2025-03-17,#81CB31,很低,101070101,不易引发过敏反应。,shenyang,沈阳
2025-03-16,#81CB31,很低,101070101,不易引发过敏反应。,shenyang,沈阳
2025-03-23,#81CB31,很低,101130101,不易引发过敏反应。,wulumuqi,乌鲁木齐
2025-03-22,#81CB31,很低,101130101,不易引发过敏反应。,wulumuqi,乌鲁木齐
2025-03-21,#81CB31,很低,101130101,不易引发过敏反应。,wulumuqi,乌鲁木齐
2025-03-20,#81CB31,很低,101130101,不易引发过敏反应。,wulumuqi,乌鲁木齐
2025-03-19,#81CB31,很低,101130101,不易引发过敏反应。,wulumuqi,乌鲁木齐
2025-03-18,#81CB31,很低,101130101,不易引发过敏反应。,wulumuqi,乌鲁木齐
2025-03-17,#81CB31,很低,101130101,不易引发过敏反应。,wulumuqi,乌鲁木齐
2025-03-16,#81CB31,很低,101130101,不易引发过敏反应。,wulumuqi,乌鲁木齐
2025-03-23,#81CB31,很低,101080101,不易引发过敏反应。,huhehaote,呼和浩特
2025-03-22,#81CB31,很低,101080101,不易引发过敏反应。,huhehaote,呼和浩特
2025-03-21,#81CB31,很低,101080101,不易引发过敏反应。,huhehaote,呼和浩特
2025-03-20,#C4A39F,暂无,101080101,,huhehaote,呼和浩特
2025-03-19,#81CB31,很低,101080101,不易引发过敏反应。,huhehaote,呼和浩特
2025-03-18,#81CB31,很低,101080101,不易引发过敏反应。,huhehaote,呼和浩特
2025-03-17,#81CB31,很低,101080101,不易引发过敏反应。,huhehaote,呼和浩特
2025-03-16,#81CB31,很低,101080101,不易引发过敏反应。,huhehaote,呼和浩特
2025-03-23,#81CB31,很低,101121701,不易引发过敏反应。,liaocheng,聊城
2025-03-22,#A1FF3D,低,101121701,易引发轻度过敏，适当防护对症用药。,liaocheng,聊城
2025-03-21,#A1FF3D,低,101121701,易引发轻度过敏，适当防护对症用药。,liaocheng,聊城
2025-03-20,#A1FF3D,低,101121701,易引发轻度过敏，适当防护对症用药。,liaocheng,聊城
2025-03-19,#81CB31,很低,101121701,不易引发过敏反应。,liaocheng,聊城
2025-03-18,#81CB31,很低,101121701,不易引发过敏反应。,liaocheng,聊城
2025-03-17,#81CB31,很低,101121701,不易引发过敏反应。,liaocheng,聊城
2025-03-16,#81CB31,很低,101121701,不易引发过敏反应。,liaocheng,聊城
2025-03-23,#81CB31,很低,101120301,不易引发过敏反应。,zibo,淄博
2025-03-22,#A1FF3D,低,101120301,易引发轻度过敏，适当防护对症用药。,zibo,淄博
2025-03-21,#A1FF3D,低,101120301,易引发轻度过敏，适当防护对症用药。,zibo,淄博
2025-03-20,#F5EE32,中,101120301,易引发过敏，加强防护，对症用药。,zibo,淄博
2025-03-19,#81CB31,很低,101120301,不易引发过敏反应。,zibo,淄博
2025-03-18,#A1FF3D,低,101120301,易引发轻度过敏，适当防护对症用药。,zibo,淄博
2025-03-17,#81CB31,很低,101120301,不易引发过敏反应。,zibo,淄博
2025-03-16,#81CB31,很低,101120301,不易引发过敏反应。,zibo,淄博
2025-03-23,#81CB31,很低,101090402,不易引发过敏反应。,chengde,承德
2025-03-22,#81CB31,很低,101090402,不易引发过敏反应。,chengde,承德
2025-03-21,#81CB31,很低,101090402,不易引发过敏反应。,chengde,承德
2025-03-20,#81CB31,很低,101090402,不易引发过敏反应。,chengde,承德
2025-03-19,#81CB31,很低,101090402,不易引发过敏反应。,chengde,承德
2025-03-18,#81CB31,很低,101090402,不易引发过敏反应。,chengde,承德
2025-03-17,#81CB31,很低,101090402,不易引发过敏反应。,chengde,承德
2025-03-16,#81CB31,很低,101090402,不易引发过敏反应。,chengde,承德
2025-03-23,#81CB31,很低,101080201,不易引发过敏反应。,baotou,包头
2025-03-22,#81CB31,很低,101080201,不易引发过敏反应。,baotou,包头
2025-03-21,#81CB31,很低,101080201,不易引发过敏反应。,baotou,包头
2025-03-20,#81CB31,很低,101080201,不易引发过敏反应。,baotou,包头
2025-03-19,#81CB31,很低,101080201,不易引发过敏反应。,baotou,包头
2025-03-18,#81CB31,很低,101080201,不易引发过敏反应。,baotou,包头
2025-03-17,#81CB31,很低,101080201,不易引发过敏反应。,baotou,包头
2025-03-16,#81CB31,很低,101080201,不易引发过敏反应。,baotou,包头
2025-03-23,#81CB31,很低,101080701,不易引发过敏反应。,eerduosi,鄂尔多斯
2025-03-22,#999999,未检测到花粉,101080701,,eerduosi,鄂尔多斯
2025-03-21,#999999,未检测到花粉,101080701,,eerduosi,鄂尔多斯
2025-03-20,#999999,未检测到花粉,101080701,,eerduosi,鄂尔多斯
2025-03-19,#999999,未检测到花粉,101080701,,eerduosi,鄂尔多斯
2025-03-18,#999999,未检测到花粉,101080701,,eerduosi,鄂尔多斯
2025-03-17,#999999,未检测到花粉,101080701,,eerduosi,鄂尔多斯
2025-03-16,#999999,未检测到花粉,101080701,,eerduosi,鄂尔多斯
2025-03-23,#81CB31,很低,101050101,不易引发过敏反应。,haerbin,哈尔滨
2025-03-22,#81CB31,很低,101050101,不易引发过敏反应。,haerbin,哈尔滨
2025-03-21,#81CB31,很低,101050101,不易引发过敏反应。,haerbin,哈尔滨
2025-03-20,#81CB31,很低,101050101,不易引发过敏反应。,haerbin,哈尔滨
2025-03-19,#999999,未检测到花粉,101050101,,haerbin,哈尔滨
2025-03-18,#999999,未检测到花粉,101050101,,haerbin,哈尔滨
2025-03-17,#81CB31,很低,101050101,不易引发过敏反应。,haerbin,哈尔滨
2025-03-16,#999999,未检测到花粉,101050101,,haerbin,哈尔滨
2025-03-23,#81CB31,很低,101081101,不易引发过敏反应。,wulanhaote,乌兰浩特
2025-03-22,#999999,未检测到花粉,101081101,,wulanhaote,乌兰浩特
2025-03-21,#999999,未检测到花粉,101081101,,wulanhaote,乌兰浩特
2025-03-20,#999999,未检测到花粉,101081101,,wulanhaote,乌兰浩特
2025-03-19,#999999,未检测到花粉,101081101,,wulanhaote,乌兰浩特
2025-03-18,#999999,未检测到花粉,101081101,,wulanhaote,乌兰浩特
2025-03-17,#999999,未检测到花粉,101081101,,wulanhaote,乌兰浩特
2025-03-16,#999999,未检测到花粉,101081101,,wulanhaote,乌兰浩特
2025-03-23,#81CB31,很低,101310101,不易引发过敏反应。,haikou,海口
2025-03-22,#81CB31,很低,101310101,不易引发过敏反应。,haikou,海口
2025-03-21,#81CB31,很低,101310101,不易引发过敏反应。,haikou,海口
2025-03-20,#81CB31,很低,101310101,不易引发过敏反应。,haikou,海口
2025-03-19,#81CB31,很低,101310101,不易引发过敏反应。,haikou,海口
2025-03-18,#81CB31,很低,101310101,不易引发过敏反应。,haikou,海口
2025-03-17,#81CB31,很低,101310101,不易引发过敏反应。,haikou,海口
2025-03-16,#81CB31,很低,101310101,不易引发过敏反应。,haikou,海口
2025-03-23,#FFAF13,高,101030100,易引发过敏，加强防护，规范用药。,tianjin,天津
2025-03-22,#F5EE32,中,101030100,易引发过敏，加强防护，对症用药。,tianjin,天津
2025-03-21,#F5EE32,中,101030100,易引发过敏，加强防护，对症用药。,tianjin,天津
2025-03-20,#FFAF13,高,101030100,易引发过敏，加强防护，规范用药。,tianjin,天津
2025-03-19,#81CB31,很低,101030100,不易引发过敏反应。,tianjin,天津
2025-03-18,#81CB31,很低,101030100,不易引发过敏反应。,tianjin,天津
2025-03-17,#81CB31,很低,101030100,不易引发过敏反应。,tianjin,天津
2025-03-16,#81CB31,很低,101030100,不易引发过敏反应。,tianjin,天津
2025-03-23,#81CB31,很低,101150101,不易引发过敏反应。,xining,西宁
2025-03-22,#81CB31,很低,101150101,不易引发过敏反应。,xining,西宁
2025-03-21,#81CB31,很低,101150101,不易引发过敏反应。,xining,西宁
2025-03-20,#81CB31,很低,101150101,不易引发过敏反应。,xining,西宁
2025-03-19,#81CB31,很低,101150101,不易引发过敏反应。,xining,西宁
2025-03-18,#81CB31,很低,101150101,不易引发过敏反应。,xining,西宁
2025-03-17,#81CB31,很低,101150101,不易引发过敏反应。,xining,西宁
2025-03-16,#81CB31,很低,101150101,不易引发过敏反应。,xining,西宁
2025-03-23,#81CB31,很低,101090701,不易引发过敏反应。,cangzhou,沧州
2025-03-22,#81CB31,很低,101090701,不易引发过敏反应。,cangzhou,沧州
2025-03-21,#81CB31,很低,101090701,不易引发过敏反应。,cangzhou,沧州
2025-03-20,#A1FF3D,低,101090701,易引发轻度过敏，适当防护对症用药。,cangzhou,沧州
2025-03-19,#81CB31,很低,101090701,不易引发过敏反应。,cangzhou,沧州
2025-03-18,#81CB31,很低,101090701,不易引发过敏反应。,cangzhou,沧州
2025-03-17,#A1FF3D,低,101090701,易引发轻度过敏，适当防护对症用药。,cangzhou,沧州
2025-03-16,#A1FF3D,低,101090701,易引发轻度过敏，适当防护对症用药。,cangzhou,沧州
2025-03-23,#81CB31,很低,101040100,不易引发过敏反应。,chongqing,重庆
2025-03-22,#A1FF3D,低,101040100,易引发轻度过敏，适当防护对症用药。,chongqing,重庆
2025-03-21,#A1FF3D,低,101040100,易引发轻度过敏，适当防护对症用药。,chongqing,重庆
2025-03-20,#81CB31,很低,101040100,不易引发过敏反应。,chongqing,重庆
2025-03-19,#81CB31,很低,101040100,不易引发过敏反应。,chongqing,重庆
2025-03-18,#81CB31,很低,101040100,不易引发过敏反应。,chongqing,重庆
2025-03-17,#81CB31,很低,101040100,不易引发过敏反应。,chongqing,重庆
2025-03-16,#81CB31,很低,101040100,不易引发过敏反应。,chongqing,重庆
2025-03-23,#FFAF13,高,101200101,易引发过敏，加强防护，规范用药。,wuhan,武汉
2025-03-22,#FF2319,很高,101200101,极易引发过敏，减少外出，持续规范用药。,wuhan,武汉
2025-03-21,#FF2319,很高,101200101,极易引发过敏，减少外出，持续规范用药。,wuhan,武汉
2025-03-20,#FF2319,很高,101200101,极易引发过敏，减少外出，持续规范用药。,wuhan,武汉
2025-03-19,#FF2319,很高,101200101,极易引发过敏，减少外出，持续规范用药。,wuhan,武汉
2025-03-18,#FF2319,很高,101200101,极易引发过敏，减少外出，持续规范用药。,wuhan,武汉
2025-03-17,#A1FF3D,低,101200101,易引发轻度过敏，适当防护对症用药。,wuhan,武汉
2025-03-16,#F5EE32,中,101200101,易引发过敏，加强防护，对症用药。,wuhan,武汉
2025-03-23,#FFAF13,高,101090101,易引发过敏，加强防护，规范用药。,shijiazhuang,石家庄
2025-03-22,#A1FF3D,低,101090101,易引发轻度过敏，适当防护对症用药。,shijiazhuang,石家庄
2025-03-21,#FFAF13,高,101090101,易引发过敏，加强防护，规范用药。,shijiazhuang,石家庄
2025-03-20,#F5EE32,中,101090101,易引发过敏，加强防护，对症用药。,shijiazhuang,石家庄
2025-03-19,#FFAF13,高,101090101,易引发过敏，加强防护，规范用药。,shijiazhuang,石家庄
2025-03-18,#F5EE32,中,101090101,易引发过敏，加强防护，对症用药。,shijiazhuang,石家庄
2025-03-17,#FFAF13,高,101090101,易引发过敏，加强防护，规范用药。,shijiazhuang,石家庄
2025-03-16,#F5EE32,中,101090101,易引发过敏，加强防护，对症用药。,shijiazhuang,石家庄
2025-03-23,#A1FF3D,低,101290101,易引发轻度过敏，适当防护对症用药。,kunming,昆明市
2025-03-22,#FFAF13,高,101290101,易引发过敏，加强防护，规范用药。,kunming,昆明市
2025-03-21,#F5EE32,中,101290101,易引发过敏，加强防护，对症用药。,kunming,昆明市
2025-03-20,#F5EE32,中,101290101,易引发过敏，加强防护，对症用药。,kunming,昆明市
2025-03-19,#A1FF3D,低,101290101,易引发轻度过敏，适当防护对症用药。,kunming,昆明市
2025-03-18,#FFAF13,高,101290101,易引发过敏，加强防护，规范用药。,kunming,昆明市
2025-03-17,#F5EE32,中,101290101,易引发过敏，加强防护，对症用药。,kunming,昆明市
2025-03-16,#FF2319,很高,101290101,极易引发过敏，减少外出，持续规范用药。,kunming,昆明市
2025-03-23,#81CB31,很低,101090711,不易引发过敏反应。,botou,泊头
2025-03-22,#A1FF3D,低,101090711,易引发轻度过敏，适当防护对症用药。,botou,泊头
2025-03-21,#81CB31,很低,101090711,不易引发过敏反应。,botou,泊头
2025-03-20,#81CB31,很低,101090711,不易引发过敏反应。,botou,泊头
2025-03-19,#81CB31,很低,101090711,不易引发过敏反应。,botou,泊头
2025-03-18,#81CB31,很低,101090711,不易引发过敏反应。,botou,泊头
2025-03-17,#81CB31,很低,101090711,不易引发过敏反应。,botou,泊头
2025-03-16,#81CB31,很低,101090711,不易引发过敏反应。,botou,泊头
2025-03-23,#FF2319,很高,101070201,极易引发过敏，减少外出，持续规范用药。,dalian,大连
2025-03-22,#FFAF13,高,101070201,易引发过敏，加强防护，规范用药。,dalian,大连
2025-03-21,#FFAF13,高,101070201,易引发过敏，加强防护，规范用药。,dalian,大连
2025-03-20,#81CB31,很低,101070201,不易引发过敏反应。,dalian,大连
2025-03-19,#81CB31,很低,101070201,不易引发过敏反应。,dalian,大连
2025-03-18,#81CB31,很低,101070201,不易引发过敏反应。,dalian,大连
2025-03-17,#81CB31,很低,101070201,不易引发过敏反应。,dalian,大连
2025-03-16,#81CB31,很低,101070201,不易引发过敏反应。,dalian,大连
2025-03-23,#81CB31,很低,101120101,不易引发过敏反应。,jinan,济南
2025-03-22,#F5EE32,中,101120101,易引发过敏，加强防护，对症用药。,jinan,济南
2025-03-21,#F5EE32,中,101120101,易引发过敏，加强防护，对症用药。,jinan,济南
2025-03-20,#F5EE32,中,101120101,易引发过敏，加强防护，对症用药。,jinan,济南
2025-03-19,#81CB31,很低,101120101,不易引发过敏反应。,jinan,济南
2025-03-18,#81CB31,很低,101120101,不易引发过敏反应。,jinan,济南
2025-03-17,#81CB31,很低,101120101,不易引发过敏反应。,jinan,济南
2025-03-16,#81CB31,很低,101120101,不易引发过敏反应。,jinan,济南
2025-03-23,#FF2319,很高,101210101,极易引发过敏，减少外出，持续规范用药。,hangzhou,杭州
2025-03-22,#FF2319,很高,101210101,极易引发过敏，减少外出，持续规范用药。,hangzhou,杭州
2025-03-21,#FF2319,很高,101210101,极易引发过敏，减少外出，持续规范用药。,hangzhou,杭州
2025-03-20,#F5EE32,中,101210101,易引发过敏，加强防护，对症用药。,hangzhou,杭州
2025-03-19,#81CB31,很低,101210101,不易引发过敏反应。,hangzhou,杭州
2025-03-18,#F5EE32,中,101210101,易引发过敏，加强防护，对症用药。,hangzhou,杭州
2025-03-17,#A1FF3D,低,101210101,易引发轻度过敏，适当防护对症用药。,hangzhou,杭州
2025-03-16,#A1FF3D,低,101210101,易引发轻度过敏，适当防护对症用药。,hangzhou,杭州
2025-03-23,#81CB31,很低,101080301,不易引发过敏反应。,wuhai,乌海市
2025-03-22,#A1FF3D,低,101080301,易引发轻度过敏，适当防护对症用药。,wuhai,乌海市
2025-03-21,#A1FF3D,低,101080301,易引发轻度过敏，适当防护对症用药。,wuhai,乌海市
2025-03-20,#81CB31,很低,101080301,不易引发过敏反应。,wuhai,乌海市
2025-03-19,#81CB31,很低,101080301,不易引发过敏反应。,wuhai,乌海市
2025-03-18,#81CB31,很低,101080301,不易引发过敏反应。,wuhai,乌海市
2025-03-17,#81CB31,很低,101080301,不易引发过敏反应。,wuhai,乌海市
2025-03-16,#81CB31,很低,101080301,不易引发过敏反应。,wuhai,乌海市
2025-03-23,#FF2319,很高,101120501,极易引发过敏，减少外出，持续规范用药。,yantai,烟台
2025-03-22,#FF2319,很高,101120501,极易引发过敏，减少外出，持续规范用药。,yantai,烟台
2025-03-21,#FF2319,很高,101120501,极易引发过敏，减少外出，持续规范用药。,yantai,烟台
2025-03-20,#FF2319,很高,101120501,极易引发过敏，减少外出，持续规范用药。,yantai,烟台
2025-03-19,#81CB31,很低,101120501,不易引发过敏反应。,yantai,烟台
2025-03-18,#A1FF3D,低,101120501,易引发轻度过敏，适当防护对症用药。,yantai,烟台
2025-03-17,#FFAF13,高,101120501,易引发过敏，加强防护，规范用药。,yantai,烟台
2025-03-16,#F5EE32,中,101120501,易引发过敏，加强防护，对症用药。,yantai,烟台
2025-03-23,#FF2319,很高,101280101,极易引发过敏，减少外出，持续规范用药。,guangzhou,广州
2025-03-22,#FFAF13,高,101280101,易引发过敏，加强防护，规范用药。,guangzhou,广州
2025-03-21,#FFAF13,高,101280101,易引发过敏，加强防护，规范用药。,guangzhou,广州
2025-03-20,#FFAF13,高,101280101,易引发过敏，加强防护，规范用药。,guangzhou,广州
2025-03-19,#FFAF13,高,101280101,易引发过敏，加强防护，规范用药。,guangzhou,广州
2025-03-18,#F5EE32,中,101280101,易引发过敏，加强防护，对症用药。,guangzhou,广州
2025-03-17,#FFAF13,高,101280101,易引发过敏，加强防护，规范用药。,guangzhou,广州
2025-03-16,#F5EE32,中,101280101,易引发过敏，加强防护，对症用药。,guangzhou,广州
2025-03-23,#81CB31,很低,101090201,不易引发过敏反应。,baoding,保定
2025-03-22,#81CB31,很低,101090201,不易引发过敏反应。,baoding,保定
2025-03-21,#81CB31,很低,101090201,不易引发过敏反应。,baoding,保定
2025-03-20,#FFAF13,高,101090201,易引发过敏，加强防护，规范用药。,baoding,保定
2025-03-19,#81CB31,很低,101090201,不易引发过敏反应。,baoding,保定
2025-03-18,#81CB31,很低,101090201,不易引发过敏反应。,baoding,保定
2025-03-17,#81CB31,很低,101090201,不易引发过敏反应。,baoding,保定
2025-03-16,#FFAF13,高,101090201,易引发过敏，加强防护，规范用药。,baoding,保定
2025-03-23,#81CB31,很低,101190601,不易引发过敏反应。,yangzhou,扬州
2025-03-22,#A1FF3D,低,101190601,易引发轻度过敏，适当防护对症用药。,yangzhou,扬州
2025-03-21,#A1FF3D,低,101190601,易引发轻度过敏，适当防护对症用药。,yangzhou,扬州
2025-03-20,#81CB31,很低,101190601,不易引发过敏反应。,yangzhou,扬州
2025-03-19,#81CB31,很低,101190601,不易引发过敏反应。,yangzhou,扬州
2025-03-18,#81CB31,很低,101190601,不易引发过敏反应。,yangzhou,扬州
2025-03-17,#81CB31,很低,101190601,不易引发过敏反应。,yangzhou,扬州
2025-03-16,#81CB31,很低,101190601,不易引发过敏反应。,yangzhou,扬州
2025-03-23,#A1FF3D,低,101270501,易引发轻度过敏，适当防护对症用药。,nanchong,南充
2025-03-22,#F5EE32,中,101270501,易引发过敏，加强防护，对症用药。,nanchong,南充
2025-03-21,#F5EE32,中,101270501,易引发过敏，加强防护，对症用药。,nanchong,南充
2025-03-20,#FFAF13,高,101270501,易引发过敏，加强防护，规范用药。,nanchong,南充
2025-03-19,#A1FF3D,低,101270501,易引发轻度过敏，适当防护对症用药。,nanchong,南充
2025-03-18,#81CB31,很低,101270501,不易引发过敏反应。,nanchong,南充
2025-03-17,#81CB31,很低,101270501,不易引发过敏反应。,nanchong,南充
2025-03-16,#81CB31,很低,101270501,不易引发过敏反应。,nanchong,南充
2025-03-23,#C4A39F,暂无,101190201,,wuxi,无锡
2025-03-21,#C4A39F,暂无,101190201,,wuxi,无锡
2025-03-16,#C4A39F,暂无,101190201,,wuxi,无锡
2025-03-17,#C4A39F,暂无,101190201,,wuxi,无锡
2025-03-18,#C4A39F,暂无,101190201,,wuxi,无锡
2025-03-19,#C4A39F,暂无,101190201,,wuxi,无锡
2025-03-20,#C4A39F,暂无,101190201,,wuxi,无锡
2025-03-22,#C4A39F,暂无,101190201,,wuxi,无锡
2025-03-23,#FFAF13,高,101230101,易引发过敏，加强防护，规范用药。,fuzhou,福州
2025-03-22,#FFAF13,高,101230101,易引发过敏，加强防护，规范用药。,fuzhou,福州
2025-03-21,#FFAF13,高,101230101,易引发过敏，加强防护，规范用药。,fuzhou,福州
2025-03-20,#F5EE32,中,101230101,易引发过敏，加强防护，对症用药。,fuzhou,福州
2025-03-19,#FFAF13,高,101230101,易引发过敏，加强防护，规范用药。,fuzhou,福州
2025-03-18,#FF2319,很高,101230101,极易引发过敏，减少外出，持续规范用药。,fuzhou,福州
2025-03-17,#FF2319,很高,101230101,极易引发过敏，减少外出，持续规范用药。,fuzhou,福州
2025-03-16,#F5EE32,中,101230101,易引发过敏，加强防护，对症用药。,fuzhou,福州
2025-03-23,#FF2319,很高,101220101,极易引发过敏，减少外出，持续规范用药。,hefei,合肥
2025-03-22,#FF2319,很高,101220101,极易引发过敏，减少外出，持续规范用药。,hefei,合肥
2025-03-21,#FF2319,很高,101220101,极易引发过敏，减少外出，持续规范用药。,hefei,合肥
2025-03-20,#FFAF13,高,101220101,易引发过敏，加强防护，规范用药。,hefei,合肥
2025-03-19,#81CB31,很低,101220101,不易引发过敏反应。,hefei,合肥
2025-03-18,#A1FF3D,低,101220101,易引发轻度过敏，适当防护对症用药。,hefei,合肥
2025-03-17,#81CB31,很低,101220101,不易引发过敏反应。,hefei,合肥
2025-03-16,#81CB31,很低,101220101,不易引发过敏反应。,hefei,合肥
2025-03-23,#FF2319,很高,101300101,极易引发过敏，减少外出，持续规范用药。,nanning,南宁
2025-03-22,#FF2319,很高,101300101,极易引发过敏，减少外出，持续规范用药。,nanning,南宁
2025-03-21,#FF2319,很高,101300101,极易引发过敏，减少外出，持续规范用药。,nanning,南宁
2025-03-20,#FF2319,很高,101300101,极易引发过敏，减少外出，持续规范用药。,nanning,南宁
2025-03-19,#FF2319,很高,101300101,极易引发过敏，减少外出，持续规范用药。,nanning,南宁
2025-03-18,#FF2319,很高,101300101,极易引发过敏，减少外出，持续规范用药。,nanning,南宁
2025-03-17,#F5EE32,中,101300101,易引发过敏，加强防护，对症用药。,nanning,南宁
2025-03-16,#F5EE32,中,101300101,易引发过敏，加强防护，对症用药。,nanning,南宁
2025-03-23,#C4A39F,暂无,101140101,,lasa,拉萨
2025-03-16,#C4A39F,暂无,101140101,,lasa,拉萨
2025-03-17,#C4A39F,暂无,101140101,,lasa,拉萨
2025-03-18,#C4A39F,暂无,101140101,,lasa,拉萨
2025-03-19,#C4A39F,暂无,101140101,,lasa,拉萨
2025-03-20,#C4A39F,暂无,101140101,,lasa,拉萨
2025-03-21,#C4A39F,暂无,101140101,,lasa,拉萨
2025-03-22,#C4A39F,暂无,101140101,,lasa,拉萨
2025-03-23,#A1FF3D,低,101260101,易引发轻度过敏，适当防护对症用药。,guiyang,贵阳
2025-03-22,#F5EE32,中,101260101,易引发过敏，加强防护，对症用药。,guiyang,贵阳
2025-03-21,#F5EE32,中,101260101,易引发过敏，加强防护，对症用药。,guiyang,贵阳
2025-03-20,#F5EE32,中,101260101,易引发过敏，加强防护，对症用药。,guiyang,贵阳
2025-03-19,#F5EE32,中,101260101,易引发过敏，加强防护，对症用药。,guiyang,贵阳
2025-03-18,#81CB31,很低,101260101,不易引发过敏反应。,guiyang,贵阳
2025-03-17,#F5EE32,中,101260101,易引发过敏，加强防护，对症用药。,guiyang,贵阳
2025-03-16,#81CB31,很低,101260101,不易引发过敏反应。,guiyang,贵阳
2025-03-23,#FF2319,很高,101240101,极易引发过敏，减少外出，持续规范用药。,nanchang,南昌
2025-03-22,#FF2319,很高,101240101,极易引发过敏，减少外出，持续规范用药。,nanchang,南昌
2025-03-21,#FF2319,很高,101240101,极易引发过敏，减少外出，持续规范用药。,nanchang,南昌
2025-03-20,#FF2319,很高,101240101,极易引发过敏，减少外出，持续规范用药。,nanchang,南昌
2025-03-19,#FF2319,很高,101240101,极易引发过敏，减少外出，持续规范用药。,nanchang,南昌
2025-03-18,#FF2319,很高,101240101,极易引发过敏，减少外出，持续规范用药。,nanchang,南昌
2025-03-17,#FF2319,很高,101240101,极易引发过敏，减少外出，持续规范用药。,nanchang,南昌
2025-03-16,#A1FF3D,低,101240101,易引发轻度过敏，适当防护对症用药。,nanchang,南昌
2025-03-23,#C4A39F,暂无,101250101,,changsha,长沙
2025-03-16,#C4A39F,暂无,101250101,,changsha,长沙
2025-03-17,#C4A39F,暂无,101250101,,changsha,长沙
2025-03-18,#C4A39F,暂无,101250101,,changsha,长沙
2025-03-19,#C4A39F,暂无,101250101,,changsha,长沙
2025-03-20,#C4A39F,暂无,101250101,,changsha,长沙
2025-03-21,#C4A39F,暂无,101250101,,changsha,长沙
2025-03-22,#C4A39F,暂无,101250101,,changsha,长沙
2025-03-23,#81CB31,很低,101110300,不易引发过敏反应。,yanan,延安
2025-03-22,#C4A39F,暂无,101110300,,yanan,延安
2025-03-21,#C4A39F,暂无,101110300,,yanan,延安
2025-03-20,#C4A39F,暂无,101110300,,yanan,延安
2025-03-19,#C4A39F,暂无,101110300,,yanan,延安
2025-03-18,#81CB31,很低,101110300,不易引发过敏反应。,yanan,延安
2025-03-17,#C4A39F,暂无,101110300,,yanan,延安
2025-03-16,#FFAF13,高,101110300,易引发过敏，加强防护，规范用药。,yanan,延安
2025-03-23,#81CB31,很低,101260803,不易引发过敏反应。,liupanshui,六盘水
2025-03-22,#81CB31,很低,101260803,不易引发过敏反应。,liupanshui,六盘水
2025-03-21,#81CB31,很低,101260803,不易引发过敏反应。,liupanshui,六盘水
2025-03-20,#81CB31,很低,101260803,不易引发过敏反应。,liupanshui,六盘水
2025-03-19,#81CB31,很低,101260803,不易引发过敏反应。,liupanshui,六盘水
2025-03-18,#81CB31,很低,101260803,不易引发过敏反应。,liupanshui,六盘水
2025-03-17,#81CB31,很低,101260803,不易引发过敏反应。,liupanshui,六盘水
2025-03-16,#81CB31,很低,101260803,不易引发过敏反应。,liupanshui,六盘水
2025-03-23,#81CB31,很低,101110200,不易引发过敏反应。,xianyang,咸阳
2025-03-22,#A1FF3D,低,101110200,易引发轻度过敏，适当防护对症用药。,xianyang,咸阳
2025-03-21,#A1FF3D,低,101110200,易引发轻度过敏，适当防护对症用药。,xianyang,咸阳
2025-03-20,#A1FF3D,低,101110200,易引发轻度过敏，适当防护对症用药。,xianyang,咸阳
2025-03-19,#81CB31,很低,101110200,不易引发过敏反应。,xianyang,咸阳
2025-03-18,#81CB31,很低,101110200,不易引发过敏反应。,xianyang,咸阳
2025-03-17,#81CB31,很低,101110200,不易引发过敏反应。,xianyang,咸阳
2025-03-16,#81CB31,很低,101110200,不易引发过敏反应。,xianyang,咸阳
2025-03-23,#F5EE32,中,101270101,易引发过敏，加强防护，对症用药。,chengdu,成都
2025-03-22,#FFAF13,高,101270101,易引发过敏，加强防护，规范用药。,chengdu,成都
2025-03-21,#FFAF13,高,101270101,易引发过敏，加强防护，规范用药。,chengdu,成都
2025-03-20,#A1FF3D,低,101270101,易引发轻度过敏，适当防护对症用药。,chengdu,成都
2025-03-19,#FFAF13,高,101270101,易引发过敏，加强防护，规范用药。,chengdu,成都
2025-03-18,#F5EE32,中,101270101,易引发过敏，加强防护，对症用药。,chengdu,成都
2025-03-17,#A1FF3D,低,101270101,易引发轻度过敏，适当防护对症用药。,chengdu,成都
2025-03-16,#A1FF3D,低,101270101,易引发轻度过敏，适当防护对症用药。,chengdu,成都
2025-03-23,#81CB31,很低,101020100,不易引发过敏反应。,shanghai,上海
2025-03-22,#FFAF13,高,101020100,易引发过敏，加强防护，规范用药。,shanghai,上海
2025-03-21,#FFAF13,高,101020100,易引发过敏，加强防护，规范用药。,shanghai,上海
2025-03-20,#81CB31,很低,101020100,不易引发过敏反应。,shanghai,上海
2025-03-19,#81CB31,很低,101020100,不易引发过敏反应。,shanghai,上海
2025-03-18,#81CB31,很低,101020100,不易引发过敏反应。,shanghai,上海
2025-03-17,#81CB31,很低,101020100,不易引发过敏反应。,shanghai,上海
2025-03-16,#81CB31,很低,101020100,不易引发过敏反应。,shanghai,上海
2025-03-23,#81CB31,很低,101110401,不易引发过敏反应。,yulin,榆林
2025-03-22,#81CB31,很低,101110401,不易引发过敏反应。,yulin,榆林
2025-03-21,#81CB31,很低,101110401,不易引发过敏反应。,yulin,榆林
2025-03-20,#81CB31,很低,101110401,不易引发过敏反应。,yulin,榆林
2025-03-19,#81CB31,很低,101110401,不易引发过敏反应。,yulin,榆林
2025-03-18,#999999,未检测到花粉,101110401,,yulin,榆林
2025-03-17,#81CB31,很低,101110401,不易引发过敏反应。,yulin,榆林
2025-03-16,#81CB31,很低,101110401,不易引发过敏反应。,yulin,榆林
2025-03-23,#FFAF13,高,101180101,易引发过敏，加强防护，规范用药。,zhengzhou,郑州
2025-03-22,#F5EE32,中,101180101,易引发过敏，加强防护，对症用药。,zhengzhou,郑州
2025-03-21,#F5EE32,中,101180101,易引发过敏，加强防护，对症用药。,zhengzhou,郑州
2025-03-20,#F5EE32,中,101180101,易引发过敏，加强防护，对症用药。,zhengzhou,郑州
2025-03-19,#A1FF3D,低,101180101,易引发轻度过敏，适当防护对症用药。,zhengzhou,郑州
2025-03-18,#81CB31,很低,101180101,不易引发过敏反应。,zhengzhou,郑州
2025-03-17,#A1FF3D,低,101180101,易引发轻度过敏，适当防护对症用药。,zhengzhou,郑州
2025-03-16,#81CB31,很低,101180101,不易引发过敏反应。,zhengzhou,郑州
